<?xml version="1.0" encoding="UTF-8"?>
<project-private xmlns="http://www.netbeans.org/ns/project-private/1">
    <editor-bookmarks xmlns="http://www.netbeans.org/ns/editor-bookmarks/1"/>
    <editor-bookmarks xmlns="http://www.netbeans.org/ns/editor-bookmarks/2" lastBookmarkId="0"/>
    <open-files xmlns="http://www.netbeans.org/ns/projectui-open-files/2">
        <group>
            <file>file:/Users/miquelmascaro/NetBeansProjects/077_FrequenciaParaulesFitxer2/src/pkg077_frequenciaparaulesfitxer2/FrequenciesParaulesFitxer2.java</file>
            <file>file:/Users/miquelmascaro/NetBeansProjects/077_FrequenciaParaulesFitxer2/src/DefParaula/Paraula.java</file>
            <file>file:/Users/miquelmascaro/NetBeansProjects/077_FrequenciaParaulesFitxer2/src/DefRegFreq/RegFreq.java</file>
            <file>file:/Users/miquelmascaro/NetBeansProjects/077_FrequenciaParaulesFitxer2/src/DefParaula/FitxerParaulaIn.java</file>
        </group>
    </open-files>
</project-private>
