<?xml version="1.0" encoding="UTF-8"?>
<project-private xmlns="http://www.netbeans.org/ns/project-private/1">
    <editor-bookmarks xmlns="http://www.netbeans.org/ns/editor-bookmarks/1"/>
    <editor-bookmarks xmlns="http://www.netbeans.org/ns/editor-bookmarks/2" lastBookmarkId="0"/>
    <open-files xmlns="http://www.netbeans.org/ns/projectui-open-files/2">
        <group>
            <file>file:/Users/miquelmascarooliver/NetBeansProjects/135_OperacionsMatrius2/src/pkg135_operacionsmatrius2/Vector.java</file>
            <file>file:/Users/miquelmascarooliver/NetBeansProjects/135_OperacionsMatrius2/src/pkg135_operacionsmatrius2/OperacionsMatrius2.java</file>
        </group>
    </open-files>
</project-private>
