<?xml version="1.0" encoding="UTF-8"?>
<project-private xmlns="http://www.netbeans.org/ns/project-private/1">
    <editor-bookmarks xmlns="http://www.netbeans.org/ns/editor-bookmarks/1"/>
    <editor-bookmarks xmlns="http://www.netbeans.org/ns/editor-bookmarks/2" lastBookmarkId="0"/>
    <open-files xmlns="http://www.netbeans.org/ns/projectui-open-files/2">
        <group>
            <file>file:/Users/miquelmascarooliver/NetBeansProjects/091_ActualitzacioFitxers1/src/_actualitzaciofitxers1/ActualitzacioFitxers1.java</file>
            <file>file:/Users/miquelmascarooliver/NetBeansProjects/091_ActualitzacioFitxers1/src/DefArticles/FitxerArticlesOut.java</file>
            <file>file:/Users/miquelmascarooliver/NetBeansProjects/091_ActualitzacioFitxers1/src/DefArticles/Actualitzacio.java</file>
            <file>file:/Users/miquelmascarooliver/NetBeansProjects/091_ActualitzacioFitxers1/src/DefArticles/Article.java</file>
        </group>
    </open-files>
</project-private>
