<?xml version="1.0" encoding="UTF-8"?>
<project-private xmlns="http://www.netbeans.org/ns/project-private/1">
    <editor-bookmarks xmlns="http://www.netbeans.org/ns/editor-bookmarks/1"/>
    <editor-bookmarks xmlns="http://www.netbeans.org/ns/editor-bookmarks/2" lastBookmarkId="0"/>
    <open-files xmlns="http://www.netbeans.org/ns/projectui-open-files/2">
        <group>
            <file>file:/Users/miquelmascarooliver/OneDrive%20-%20Universitat%20de%20les%20Illes%20Balears/NetBeansProjects/185_OperacionsMatrius6/src/pkg185_operacionsmatrius6/Matriu.java</file>
            <file>file:/Users/miquelmascarooliver/OneDrive%20-%20Universitat%20de%20les%20Illes%20Balears/NetBeansProjects/185_OperacionsMatrius6/src/pkg185_operacionsmatrius6/OperacionsMatrius6.java</file>
        </group>
    </open-files>
</project-private>
